{
    "version": 1,
    "models": {
        "Campaign": {
            "name": "Campaign",
            "fields": {
                "id": {
                    "name": "id",
                    "isArray": false,
                    "type": "ID",
                    "isRequired": true,
                    "attributes": []
                },
                "title": {
                    "name": "title",
                    "isArray": false,
                    "type": "String",
                    "isRequired": true,
                    "attributes": []
                },
                "description": {
                    "name": "description",
                    "isArray": false,
                    "type": "String",
                    "isRequired": true,
                    "attributes": []
                },
                "goal": {
                    "name": "goal",
                    "isArray": false,
                    "type": "Float",
                    "isRequired": true,
                    "attributes": []
                },
                "raised": {
                    "name": "raised",
                    "isArray": false,
                    "type": "Float",
                    "isRequired": false,
                    "attributes": []
                },
                "ownerId": {
                    "name": "ownerId",
                    "isArray": false,
                    "type": "String",
                    "isRequired": true,
                    "attributes": []
                },
                "category": {
                    "name": "category",
                    "isArray": false,
                    "type": "String",
                    "isRequired": true,
                    "attributes": []
                },
                "image": {
                    "name": "image",
                    "isArray": false,
                    "type": "String",
                    "isRequired": false,
                    "attributes": []
                },
                "status": {
                    "name": "status",
                    "isArray": false,
                    "type": {
                        "enum": "CampaignStatus"
                    },
                    "isRequired": false,
                    "attributes": []
                },
                "currency": {
                    "name": "currency",
                    "isArray": false,
                    "type": "String",
                    "isRequired": false,
                    "attributes": []
                },
                "createdAt": {
                    "name": "createdAt",
                    "isArray": false,
                    "type": "AWSDateTime",
                    "isRequired": false,
                    "attributes": [],
                    "isReadOnly": true
                },
                "updatedAt": {
                    "name": "updatedAt",
                    "isArray": false,
                    "type": "AWSDateTime",
                    "isRequired": false,
                    "attributes": [],
                    "isReadOnly": true
                }
            },
            "syncable": true,
            "pluralName": "Campaigns",
            "attributes": [
                {
                    "type": "model",
                    "properties": {}
                },
                {
                    "type": "auth",
                    "properties": {
                        "rules": [
                            {
                                "allow": "public",
                                "provider": "apiKey",
                                "operations": [
                                    "read"
                                ]
                            },
                            {
                                "allow": "private",
                                "operations": [
                                    "create",
                                    "read",
                                    "update",
                                    "delete"
                                ]
                            }
                        ]
                    }
                }
            ],
            "primaryKeyInfo": {
                "isCustomPrimaryKey": false,
                "primaryKeyFieldName": "id",
                "sortKeyFieldNames": []
            }
        },
        "Donation": {
            "name": "Donation",
            "fields": {
                "id": {
                    "name": "id",
                    "isArray": false,
                    "type": "ID",
                    "isRequired": true,
                    "attributes": []
                },
                "campaignId": {
                    "name": "campaignId",
                    "isArray": false,
                    "type": "String",
                    "isRequired": true,
                    "attributes": []
                },
                "amount": {
                    "name": "amount",
                    "isArray": false,
                    "type": "Float",
                    "isRequired": true,
                    "attributes": []
                },
                "donor": {
                    "name": "donor",
                    "isArray": false,
                    "type": "String",
                    "isRequired": true,
                    "attributes": []
                },
                "txHash": {
                    "name": "txHash",
                    "isArray": false,
                    "type": "String",
                    "isRequired": true,
                    "attributes": []
                },
                "currency": {
                    "name": "currency",
                    "isArray": false,
                    "type": "String",
                    "isRequired": false,
                    "attributes": []
                },
                "onChainAmountSmallestUnit": {
                    "name": "onChainAmountSmallestUnit",
                    "isArray": false,
                    "type": "String",
                    "isRequired": false,
                    "attributes": []
                },
                "verifiedStatus": {
                    "name": "verifiedStatus",
                    "isArray": false,
                    "type": {
                        "enum": "DonationVerifiedStatus"
                    },
                    "isRequired": false,
                    "attributes": []
                },
                "verifiedAt": {
                    "name": "verifiedAt",
                    "isArray": false,
                    "type": "AWSDateTime",
                    "isRequired": false,
                    "attributes": []
                },
                "chainId": {
                    "name": "chainId",
                    "isArray": false,
                    "type": "Int",
                    "isRequired": false,
                    "attributes": []
                },
                "blockNumber": {
                    "name": "blockNumber",
                    "isArray": false,
                    "type": "String",
                    "isRequired": false,
                    "attributes": []
                },
                "createdAt": {
                    "name": "createdAt",
                    "isArray": false,
                    "type": "AWSDateTime",
                    "isRequired": false,
                    "attributes": [],
                    "isReadOnly": true
                },
                "updatedAt": {
                    "name": "updatedAt",
                    "isArray": false,
                    "type": "AWSDateTime",
                    "isRequired": false,
                    "attributes": [],
                    "isReadOnly": true
                }
            },
            "syncable": true,
            "pluralName": "Donations",
            "attributes": [
                {
                    "type": "model",
                    "properties": {}
                },
                {
                    "type": "auth",
                    "properties": {
                        "rules": [
                            {
                                "allow": "public",
                                "provider": "apiKey",
                                "operations": [
                                    "read"
                                ]
                            },
                            {
                                "allow": "private",
                                "operations": [
                                    "create",
                                    "read"
                                ]
                            }
                        ]
                    }
                }
            ],
            "primaryKeyInfo": {
                "isCustomPrimaryKey": false,
                "primaryKeyFieldName": "id",
                "sortKeyFieldNames": []
            }
        },
        "User": {
            "name": "User",
            "fields": {
                "walletAddress": {
                    "name": "walletAddress",
                    "isArray": false,
                    "type": "String",
                    "isRequired": true,
                    "attributes": []
                },
                "isWorldIdVerified": {
                    "name": "isWorldIdVerified",
                    "isArray": false,
                    "type": "Boolean",
                    "isRequired": false,
                    "attributes": []
                },
                "worldIdNullifier": {
                    "name": "worldIdNullifier",
                    "isArray": false,
                    "type": "String",
                    "isRequired": false,
                    "attributes": []
                },
                "worldIdVerifiedAt": {
                    "name": "worldIdVerifiedAt",
                    "isArray": false,
                    "type": "AWSDateTime",
                    "isRequired": false,
                    "attributes": []
                },
                "createdAt": {
                    "name": "createdAt",
                    "isArray": false,
                    "type": "AWSDateTime",
                    "isRequired": false,
                    "attributes": [],
                    "isReadOnly": true
                },
                "updatedAt": {
                    "name": "updatedAt",
                    "isArray": false,
                    "type": "AWSDateTime",
                    "isRequired": false,
                    "attributes": [],
                    "isReadOnly": true
                }
            },
            "syncable": true,
            "pluralName": "Users",
            "attributes": [
                {
                    "type": "model",
                    "properties": {}
                },
                {
                    "type": "key",
                    "properties": {
                        "fields": [
                            "walletAddress"
                        ]
                    }
                },
                {
                    "type": "auth",
                    "properties": {
                        "rules": [
                            {
                                "allow": "private",
                                "operations": [
                                    "create",
                                    "read",
                                    "update"
                                ]
                            }
                        ]
                    }
                }
            ],
            "primaryKeyInfo": {
                "isCustomPrimaryKey": true,
                "primaryKeyFieldName": "walletAddress",
                "sortKeyFieldNames": []
            }
        }
    },
    "enums": {
        "CampaignStatus": {
            "name": "CampaignStatus",
            "values": [
                "active",
                "completed",
                "cancelled",
                "PENDING_REVIEW"
            ]
        },
        "DonationVerifiedStatus": {
            "name": "DonationVerifiedStatus",
            "values": [
                "VERIFIED",
                "PENDING",
                "FAILED"
            ]
        }
    },
    "nonModels": {}
}